{
  "timestamp": "2026-03-03T18:47:35.285135",
  "config": {
    "ddpm_epochs": 100,
    "vae_epochs": 50,
    "latent_ddpm_epochs": 100,
    "latent_dim": 20,
    "T": 1000,
    "n_fid_samples": 5000,
    "part_a_prior": "mog"
  },
  "fid": {
    "ddpm": 5.098699490971075,
    "latent_ddpm": 95.29280245100617,
    "part_a_vae": 18.247024003812413
  },
  "fid_vs_T": {
    "0": 82.65775107760813,
    "10": 114.53730718100181,
    "50": 101.14158769949648,
    "200": 95.53221814900232,
    "1000": 94.72317048638652
  },
  "fid_vs_beta": {
    "1e-06": 40.20698829229439,
    "0.0001": 48.80160795884256,
    "0.01": 39.28376239923155,
    "1.0": 80.74853417488123
  },
  "sampling_speed": {
    "ddpm_samples_per_sec": 8.790506783305478,
    "latent_ddpm_samples_per_sec": 394.52098367096454,
    "part_a_vae_samples_per_sec": 387671.90860156453
  }
}