{
  "timestamp": "2026-03-03T15:46:37.516905",
  "config": {
    "ddpm_epochs": 5,
    "vae_epochs": 5,
    "latent_ddpm_epochs": 5,
    "latent_dim": 20,
    "T": 100,
    "n_fid_samples": 100,
    "part_a_prior": "mog"
  },
  "fid": {
    "ddpm": 234.5724508462938,
    "latent_ddpm": 125.64277478025784,
    "part_a_vae": 58.068166059001314
  },
  "fid_vs_T": {
    "0": 142.92769750562675,
    "10": 128.25756275686464,
    "50": 123.96287920152483,
    "200": 121.5439840926397,
    "100": 129.88796938044672
  },
  "sampling_speed": {
    "ddpm_samples_per_sec": 2.0646535427142716,
    "latent_ddpm_samples_per_sec": 1417.9412109046423,
    "part_a_vae_samples_per_sec": 115699.62673056842
  }
}